proportion,proportion_index,proportion_hex_id,batch_number,batch_index,run_length
0.0,1,0x0,1,1,0.2043309211730957
0.0,1,0x0,1,2,0.18854975700378418
0.0,1,0x0,1,3,0.1680164337158203
0.0,1,0x0,1,4,0.17259836196899414
0.0,1,0x0,1,5,0.19515705108642578
0.0,1,0x0,1,6,0.16677570343017578
0.0,1,0x0,1,7,0.16541695594787598
0.0,1,0x0,1,8,0.22536587715148926
