proportion,average_runtime,min_runtime,max_runtime
0.0,0.18577638268470764,0.16541695594787598,0.22536587715148926
