{
  "0,1": 0.40159082412719727,
  "0,2": 0.35205864906311035,
  "0,3": 0.35513877868652344,
  "0,4": 0.35540080070495605,
  "0,5": 0.3512439727783203,
  "0,6": 0.40520215034484863,
  "0,7": 0.40648388862609863,
  "0,8": 0.4461846351623535,
  "0,9": 0.3536365032196045,
  "0,10": 0.36611223220825195,
  "0,11": 0.3542780876159668,
  "0,12": 0.35622572898864746,
  "0,13": 0.35373806953430176,
  "1,2": 0.4060077667236328,
  "1,3": 0.40408754348754883,
  "1,4": 0.405132532119751,
  "1,5": 0.4062061309814453,
  "1,6": 0.451901912689209,
  "1,7": 0.4466063976287842,
  "1,8": 0.5022237300872803,
  "1,9": 0.3982090950012207,
  "1,10": 0.41321372985839844,
  "1,11": 0.39891934394836426,
  "1,12": 0.40278029441833496,
  "1,13": 0.40508174896240234,
  "2,3": 0.35306596755981445,
  "2,4": 0.3550117015838623,
  "2,5": 0.3540370464324951,
  "2,6": 0.4035980701446533,
  "2,7": 0.40285181999206543,
  "2,8": 0.4493250846862793,
  "2,9": 0.36528563499450684,
  "2,10": 0.3464336395263672,
  "2,11": 0.34076642990112305,
  "2,12": 0.3404552936553955,
  "2,13": 0.33919310569763184,
  "3,4": 0.342151403427124,
  "3,5": 0.3428916931152344,
  "3,6": 0.3849670886993408,
  "3,7": 0.3917403221130371,
  "3,8": 0.4300844669342041,
  "3,9": 0.3430490493774414,
  "3,10": 0.3505065441131592,
  "3,11": 0.34302663803100586,
  "3,12": 0.3416635990142822,
  "3,13": 0.3417332172393799,
  "4,5": 0.33908939361572266,
  "4,6": 0.3861973285675049,
  "4,7": 0.38909220695495605,
  "4,8": 0.4300713539123535,
  "4,9": 0.3434586524963379,
  "4,10": 0.3489406108856201,
  "4,11": 0.34297752380371094,
  "4,12": 0.3411726951599121,
  "4,13": 0.34102416038513184,
  "5,6": 0.39269399642944336,
  "5,7": 0.3898770809173584,
  "5,8": 0.4307982921600342,
  "5,9": 0.34468817710876465,
  "5,10": 0.3526182174682617,
  "5,11": 0.33864855766296387,
  "5,12": 0.3432590961456299,
  "5,13": 0.3392045497894287,
  "6,7": 0.4320950508117676,
  "6,8": 0.484844446182251,
  "6,9": 0.3848104476928711,
  "6,10": 0.4074587821960449,
  "6,11": 0.3895263671875,
  "6,12": 0.3953101634979248,
  "6,13": 0.40724945068359375,
  "7,8": 0.48734569549560547,
  "7,9": 0.39815402030944824,
  "7,10": 0.4428086280822754,
  "7,11": 0.4032416343688965,
  "7,12": 0.41083693504333496,
  "7,13": 0.4011051654815674,
  "8,9": 0.4500131607055664,
  "8,10": 0.4628744125366211,
  "8,11": 0.44783759117126465,
  "8,12": 0.4433166980743408,
  "8,13": 0.4462740421295166,
  "9,10": 0.3701636791229248,
  "9,11": 0.35425305366516113,
  "9,12": 0.3553745746612549,
  "9,13": 0.35890746116638184,
  "10,11": 0.36707115173339844,
  "10,12": 0.3652956485748291,
  "10,13": 0.36859703063964844,
  "11,12": 0.354259729385376,
  "11,13": 0.3524742126464844,
  "12,13": 0.3537771701812744
}