proportion,average_runtime,min_runtime,max_runtime
1.0,0.08588626980781555,0.0820002555847168,0.08888387680053711
