proportion,average_runtime,min_runtime,max_runtime
0.0,0.15733850002288818,0.15358543395996094,0.16471052169799805
0.16666666666666666,0.8654643595218658,0.8586859703063965,0.8785042762756348
0.3333333333333333,0.12582209706306458,0.1248927116394043,0.12802457809448242
0.5,0.9039536416530609,0.8953125476837158,0.9185278415679932
0.6666666666666666,0.22455748915672302,0.2182016372680664,0.23369717597961426
0.8333333333333334,0.9488974809646606,0.9266164302825928,0.9691379070281982
1.0,0.9366781413555145,0.9313652515411377,0.9538750648498535
