proportion,average_runtime,min_runtime,max_runtime
1.0,0.11977894224372565,0.11186861991882324,0.19165515899658203
