proportion,average_runtime,min_runtime,max_runtime
0.0,0.13547566533088684,0.1332697868347168,0.13970565795898438
0.16666666666666666,0.15184614062309265,0.14844274520874023,0.1556704044342041
0.3333333333333333,0.11621734499931335,0.11491084098815918,0.11957907676696777
0.5,0.8315766453742981,0.8208739757537842,0.8509929180145264
0.6666666666666666,0.8261092603206635,0.8184616565704346,0.8447506427764893
0.8333333333333334,0.8691304624080658,0.8522770404815674,0.9166121482849121
1.0,0.8611792027950287,0.8541853427886963,0.882697582244873
