proportion,average_runtime,min_runtime,max_runtime
0.0,0.08399751782417297,0.08230924606323242,0.08591055870056152
0.16666666666666666,0.10304799675941467,0.0995337963104248,0.11185717582702637
0.3333333333333333,0.14066258072853088,0.13776874542236328,0.14646673202514648
0.5,0.13285231590270996,0.13065290451049805,0.14119696617126465
0.6666666666666666,0.12633731961250305,0.12163114547729492,0.1364140510559082
0.8333333333333334,0.17175939679145813,0.15955233573913574,0.19422650337219238
1.0,0.1637175977230072,0.15505433082580566,0.18442773818969727
