proportion,average_runtime,min_runtime,max_runtime
0.0,0.15916511416435242,0.15757083892822266,0.16235995292663574
0.16666666666666666,0.19692686200141907,0.19559264183044434,0.19915032386779785
0.3333333333333333,0.20798149704933167,0.20490217208862305,0.2125535011291504
0.5,0.9530103802680969,0.9339268207550049,0.9929699897766113
0.6666666666666666,0.21953794360160828,0.21668028831481934,0.22377371788024902
0.8333333333333334,0.9499539732933044,0.9338295459747314,0.9865057468414307
1.0,0.9520023763179779,0.9436335563659668,0.9585549831390381
