proportion,average_runtime,min_runtime,max_runtime
0.0,0.08476755023002625,0.0827493667602539,0.08638286590576172
0.16666666666666666,0.08508774638175964,0.08283281326293945,0.08734297752380371
0.3333333333333333,0.08411580324172974,0.08236265182495117,0.08696651458740234
0.5,0.08460366725921631,0.08376669883728027,0.08541059494018555
0.6666666666666666,0.08415675163269043,0.0822141170501709,0.08556485176086426
0.8333333333333334,0.08582356572151184,0.08189821243286133,0.09262585639953613
1.0,0.08614674210548401,0.08261346817016602,0.08926892280578613
