proportion,average_runtime,min_runtime,max_runtime
0.0,0.14133208990097046,0.13679194450378418,0.14960002899169922
0.16666666666666666,0.8820671141147614,0.8482751846313477,0.9963464736938477
0.3333333333333333,0.14983046054840088,0.14839529991149902,0.15276646614074707
0.5,0.8359484076499939,0.8317153453826904,0.8413791656494141
0.6666666666666666,0.9023809134960175,0.8786971569061279,0.9329431056976318
0.8333333333333334,0.8633730113506317,0.8316993713378906,0.9388566017150879
1.0,0.9333310425281525,0.8736367225646973,0.9862666130065918
