proportion,average_runtime,min_runtime,max_runtime
1.0,0.11772816730480568,0.11092352867126465,0.18465971946716309
