proportion,average_runtime,min_runtime,max_runtime
0.0,0.17852646112442017,0.1743154525756836,0.18727970123291016
0.2,0.18209493160247803,0.17704153060913086,0.1894214153289795
0.4,0.18919172883033752,0.1835787296295166,0.19966578483581543
0.6,0.18743786215782166,0.1818375587463379,0.19797992706298828
0.8,0.24807003140449524,0.23869681358337402,0.2620584964752197
1.0,0.2397938072681427,0.23778319358825684,0.24605941772460938
