proportion,average_runtime,min_runtime,max_runtime
1.0,0.2024988830089569,0.19548988342285156,0.20756745338439941
