proportion,average_runtime,min_runtime,max_runtime
0.0,0.185244490702947,0.17616748809814453,0.22788548469543457
0.2,0.1861090585589409,0.17522549629211426,0.22953176498413086
0.4,0.18592321872711182,0.17598652839660645,0.2008533477783203
0.6,0.2425934374332428,0.23525071144104004,0.2574000358581543
0.8,0.2429828941822052,0.2318556308746338,0.27527666091918945
1.0,0.2511501908302307,0.23963379859924316,0.2616569995880127
