proportion,average_runtime,min_runtime,max_runtime
1.0,0.8278073966503143,0.8176848888397217,0.8409335613250732
