proportion,average_runtime,min_runtime,max_runtime
0.0,1.5039385557174683,1.4815421104431152,1.537074089050293
1.0,1.5948565304279327,1.5732238292694092,1.624427080154419
