proportion,average_runtime,min_runtime,max_runtime
0.0,0.45622971653938293,0.45184993743896484,0.46998143196105957
1.0,0.4661746025085449,0.45413732528686523,0.48915767669677734
