proportion,average_runtime,min_runtime,max_runtime
1.0,0.4593909978866577,0.452695369720459,0.46913933753967285
