proportion,average_runtime,min_runtime,max_runtime
0.0,0.36712637543678284,0.3609452247619629,0.37087512016296387
0.3333333333333333,0.34017786383628845,0.3336057662963867,0.34707069396972656
0.6666666666666666,0.3867295980453491,0.38124990463256836,0.39665961265563965
1.0,0.38596025109291077,0.3765072822570801,0.4042234420776367
