proportion,average_runtime,min_runtime,max_runtime
1.0,0.3639953136444092,0.3559882640838623,0.37310266494750977
