proportion,average_runtime,min_runtime,max_runtime
0.0,0.35309287905693054,0.34560465812683105,0.36533117294311523
0.2,0.5396267175674438,0.5232007503509521,0.5557432174682617
0.4,0.5353756844997406,0.5313851833343506,0.5392649173736572
0.6,0.5828395783901215,0.571096658706665,0.6016459465026855
0.8,0.40821078419685364,0.3971550464630127,0.42506909370422363
1.0,0.5881365835666656,0.5687770843505859,0.6075789928436279
