proportion,average_runtime,min_runtime,max_runtime
0.0,1.118202656507492,1.1128027439117432,1.1337060928344727
0.16666666666666666,1.114637941122055,1.1131925582885742,1.1164181232452393
0.3333333333333333,2.739093154668808,2.7150466442108154,2.763549327850342
0.5,2.770845800638199,2.721510410308838,3.026888608932495
0.6666666666666666,1.1043515801429749,1.090200662612915,1.1114063262939453
0.8333333333333334,2.7975971698760986,2.724945068359375,3.112844944000244
1.0,2.7970874309539795,2.733336925506592,2.8418490886688232
