proportion,average_runtime,min_runtime,max_runtime
1.0,0.6908883452415466,0.6676349639892578,0.7070655822753906
