proportion,average_runtime,min_runtime,max_runtime
0.0,0.6587149202823639,0.6522042751312256,0.6656899452209473
0.16666666666666666,0.6564350128173828,0.6517167091369629,0.6637356281280518
0.3333333333333333,0.6647290289402008,0.6544413566589355,0.6842677593231201
0.5,0.6646786332130432,0.6525440216064453,0.7178058624267578
0.6666666666666666,0.6763613224029541,0.6570830345153809,0.7375330924987793
0.8333333333333334,0.6600679457187653,0.6498255729675293,0.6746442317962646
1.0,0.6828209161758423,0.6539266109466553,0.7044656276702881
