proportion,average_runtime,min_runtime,max_runtime
1.0,0.1661193072795868,0.16014671325683594,0.17929649353027344
