proportion,average_runtime,min_runtime,max_runtime
0.0,0.1714259684085846,0.16226482391357422,0.18050098419189453
0.2,0.16488021612167358,0.16159439086914062,0.17285847663879395
0.4,0.17677462100982666,0.17456889152526855,0.18324899673461914
0.6,0.17995107173919678,0.1772935390472412,0.18685245513916016
0.8,0.17641746997833252,0.17285466194152832,0.1857151985168457
1.0,0.18162265419960022,0.17550158500671387,0.19258403778076172
