proportion,average_runtime,min_runtime,max_runtime
0.0,0.16281184554100037,0.15528583526611328,0.1781017780303955
0.3333333333333333,0.1582239270210266,0.15369796752929688,0.17350316047668457
0.6666666666666666,0.16514232754707336,0.15520334243774414,0.184370756149292
1.0,0.15924066305160522,0.15447115898132324,0.17153382301330566
