proportion,average_runtime,min_runtime,max_runtime
1.0,0.35565975308418274,0.3497898578643799,0.37001872062683105
