proportion,average_runtime,min_runtime,max_runtime
1.0,0.577300488948822,0.567634105682373,0.5933003425598145
