proportion,average_runtime,min_runtime,max_runtime
0.0,0.16551309823989868,0.16179394721984863,0.1768786907196045
