proportion,average_runtime,min_runtime,max_runtime
0.0,0.17541798949241638,0.16489124298095703,0.19127774238586426
