proportion,average_runtime,min_runtime,max_runtime
0.0,1.4817084074020386,1.4690039157867432,1.4999029636383057
1.0,1.5837819278240204,1.56819486618042,1.6187176704406738
