proportion,average_runtime,min_runtime,max_runtime
0.0,0.16535153985023499,0.1583726406097412,0.18767237663269043
